Sequence,Word,Tag,T1_Raw,T1_Plot,T2_Raw,T2_Plot
72,I,PRON,4,-4,9.59,9.59
91,who,PRON,17,17,117.45,117.45
743,its,PRON,8,-8,55.27,55.27
770,his,PRON,11,11,76.00,76.00
1016,our,PRON,13,13,89.81,89.81
1142,our,PRON,13,13,89.81,89.81
1602,our,PRON,13,13,89.81,89.81
2044,his,PRON,11,11,76.00,76.00
2254,their,PRON,15,15,103.63,103.63
2736,who,PRON,17,17,117.45,117.45
3113,I,PRON,4,-4,9.59,9.59
3611,themselves,PRON,45,45,310.89,-310.89
3839,our,PRON,13,13,89.81,89.81
4413,our,PRON,13,13,89.81,89.81
4531,I,PRON,4,-4,9.59,9.59
4599,I,PRON,4,-4,9.59,9.59
4601,He,PRON,5,5,14.17,-14.17
4653,their,PRON,15,15,103.63,103.63
4854,itself,PRON,27,27,186.54,-186.54
7086,who,PRON,17,17,117.45,117.45
7523,his,PRON,11,11,76.00,76.00
8022,our,PRON,13,13,89.81,89.81
8038,our,PRON,13,13,89.81,89.81
8092,our,PRON,13,13,89.81,89.81
8129,our,PRON,13,13,89.81,89.81
8132,our,PRON,13,13,89.81,89.81
8186,their,PRON,15,15,103.63,103.63
8203,our,PRON,13,13,89.81,89.81
8207,our,PRON,13,13,89.81,89.81
8221,our,PRON,13,13,89.81,89.81
8258,our,PRON,13,13,89.81,89.81
8302,our,PRON,13,13,89.81,89.81
8624,his,PRON,11,11,76.00,76.00
9344,his,PRON,11,11,76.00,76.00
9823,our,PRON,13,13,89.81,89.81
10419,we,PRON,11,11,76.00,76.00
10546,our,PRON,13,13,89.81,89.81
10868,our,PRON,13,13,89.81,89.81
12567,whose,PRON,21,21,145.08,145.08
12802,our,PRON,13,13,89.81,89.81
14722,I,PRON,4,-4,9.59,9.59
14725,I,PRON,4,-4,9.59,9.59
15360,his,PRON,11,11,76.00,76.00
15828,their,PRON,15,15,103.63,103.63
16328,its,PRON,8,-8,55.27,55.27
17229,us,PRON,8,-8,55.27,55.27
17983,its,PRON,8,-8,55.27,55.27
18510,self,PRON,22,-22,151.99,151.99
18544,our,PRON,13,13,89.81,89.81
18559,our,PRON,13,13,89.81,89.81
18588,our,PRON,13,13,89.81,89.81
18596,our,PRON,13,13,89.81,89.81
18967,What,PRON,17,17,117.45,117.45
19100,our,PRON,13,13,89.81,89.81
19833,his,PRON,11,11,76.00,76.00
19922,his,PRON,11,11,76.00,76.00
20316,their,PRON,15,15,103.63,103.63
21330,his,PRON,11,11,76.00,76.00
21594,our,PRON,13,13,89.81,89.81
21789,its,PRON,8,-8,55.27,55.27
21804,our,PRON,13,13,89.81,89.81
22013,its,PRON,8,-8,55.27,55.27
22057,we,PRON,11,11,76.00,76.00
22230,itself,PRON,27,27,186.54,-186.54
22476,itself,PRON,27,27,186.54,-186.54
22527,themselves,PRON,45,45,310.89,-310.89
22892,his,PRON,11,11,76.00,76.00
23015,her,PRON,10,-10,69.09,69.09
23144,our,PRON,13,13,89.81,89.81
23576,I,PRON,4,-4,9.59,9.59
23579,I,PRON,4,-4,9.59,9.59
23653,its,PRON,8,-8,55.27,55.27
23763,their,PRON,15,15,103.63,103.63
24085,themselves,PRON,45,45,310.89,-310.89
24093,who,PRON,17,17,117.45,117.45
24473,their,PRON,15,15,103.63,103.63
24602,our,PRON,13,13,89.81,89.81
24617,your,PRON,13,13,89.81,89.81
24666,themselves,PRON,45,45,310.89,-310.89
24676,themselves,PRON,45,45,310.89,-310.89
24851,his,PRON,11,11,76.00,76.00
24965,its,PRON,8,-8,55.27,55.27
25342,his,PRON,11,11,76.00,76.00
25482,her,PRON,10,-10,69.09,69.09
25510,their,PRON,15,15,103.63,103.63
25569,its,PRON,8,-8,55.27,55.27
25997,our,PRON,13,13,89.81,89.81
26199,its,PRON,8,-8,55.27,55.27
27346,our,PRON,13,13,89.81,89.81
27563,our,PRON,13,13,89.81,89.81
27677,our,PRON,13,13,89.81,89.81
27938,their,PRON,15,15,103.63,103.63
27944,its,PRON,8,-8,55.27,55.27
28464,his,PRON,11,11,76.00,76.00
28508,who,PRON,17,17,117.45,117.45
28577,him,PRON,17,17,117.45,117.45
28598,who,PRON,17,17,117.45,117.45
28701,who,PRON,17,17,117.45,117.45
28831,its,PRON,8,-8,55.27,55.27
29501,their,PRON,15,15,103.63,103.63
29574,our,PRON,13,13,89.81,89.81
29603,their,PRON,15,15,103.63,103.63
30126,his,PRON,11,11,76.00,76.00
30566,our,PRON,13,13,89.81,89.81
32137,they,PRON,6,-6,41.45,41.45
32290,whose,PRON,21,21,145.08,145.08
32363,our,PRON,13,13,89.81,89.81
32657,our,PRON,13,13,89.81,89.81
32661,our,PRON,13,13,89.81,89.81
32669,our,PRON,13,13,89.81,89.81
32694,our,PRON,13,13,89.81,89.81
32704,our,PRON,13,13,89.81,89.81
32736,our,PRON,13,13,89.81,89.81
32793,our,PRON,13,13,89.81,89.81
32898,their,PRON,15,15,103.63,103.63
33394,He,PRON,5,5,14.17,-14.17
33884,itself,PRON,27,27,186.54,-186.54
33953,his,PRON,11,11,76.00,76.00
33974,who,PRON,17,17,117.45,117.45
34427,itself,PRON,27,27,186.54,-186.54
34469,our,PRON,13,13,89.81,89.81
34588,his,PRON,11,11,76.00,76.00
36093,our,PRON,13,13,89.81,89.81
36176,our,PRON,13,13,89.81,89.81
36262,their,PRON,15,15,103.63,103.63
37716,we,PRON,11,11,76.00,76.00
37718,our,PRON,13,13,89.81,89.81
38108,his,PRON,11,11,76.00,76.00
39308,its,PRON,8,-8,55.27,55.27
39469,his,PRON,11,11,76.00,76.00
39510,its,PRON,8,-8,55.27,55.27
39517,I,PRON,4,-4,9.59,9.59
39656,our,PRON,13,13,89.81,89.81
39727,our,PRON,13,13,89.81,89.81
39803,our,PRON,13,13,89.81,89.81
40153,our,PRON,13,13,89.81,89.81
40340,our,PRON,13,13,89.81,89.81
41676,our,PRON,13,13,89.81,89.81
42083,Our,PRON,13,13,89.81,89.81
42123,our,PRON,13,13,89.81,89.81
42486,whom,PRON,26,-26,179.63,179.63
42530,who,PRON,17,17,117.45,117.45
42712,our,PRON,13,13,89.81,89.81
42803,our,PRON,13,13,89.81,89.81
43145,its,PRON,8,-8,55.27,55.27
43574,himself,PRON,39,39,269.44,269.44
43581,our,PRON,13,13,89.81,89.81
43672,his,PRON,11,11,76.00,76.00
43743,our,PRON,13,13,89.81,89.81
44131,whose,PRON,21,21,145.08,145.08
44258,his,PRON,11,11,76.00,76.00
45059,who,PRON,17,17,117.45,117.45
45149,our,PRON,13,13,89.81,89.81
45203,our,PRON,13,13,89.81,89.81
45362,our,PRON,13,13,89.81,89.81
46727,our,PRON,13,13,89.81,89.81
46804,who,PRON,17,17,117.45,117.45
48693,who,PRON,17,17,117.45,117.45
48698,her,PRON,10,-10,69.09,69.09
49492,It,PRON,5,5,12.42,-12.42
49570,our,PRON,13,13,89.81,89.81
49609,who,PRON,17,17,117.45,117.45
49645,our,PRON,13,13,89.81,89.81
50035,who,PRON,17,17,117.45,117.45
50415,your,PRON,13,13,89.81,89.81
50869,our,PRON,13,13,89.81,89.81
51270,his,PRON,11,11,76.00,76.00
52747,our,PRON,13,13,89.81,89.81
54193,our,PRON,13,13,89.81,89.81
54964,hammer,PRON,30,-30,207.26,207.26
55213,our,PRON,13,13,89.81,89.81
55244,our,PRON,13,13,89.81,89.81
55413,our,PRON,13,13,89.81,89.81
55437,its,PRON,8,-8,55.27,55.27
55521,his,PRON,11,11,76.00,76.00
55642,her,PRON,10,-10,69.09,69.09
55804,our,PRON,13,13,89.81,89.81
55829,her,PRON,10,-10,69.09,69.09
56110,our,PRON,13,13,89.81,89.81
56369,our,PRON,13,13,89.81,89.81
56558,us,PRON,8,-8,55.27,55.27
56561,its,PRON,8,-8,55.27,55.27
56581,its,PRON,8,-8,55.27,55.27
56687,his,PRON,11,11,76.00,76.00
56699,its,PRON,8,-8,55.27,55.27
56712,It,PRON,5,5,12.42,-12.42
56754,his,PRON,11,11,76.00,76.00
57869,I,PRON,4,-4,9.59,9.59
57979,our,PRON,13,13,89.81,89.81
58074,itself,PRON,27,27,186.54,-186.54
58581,itself,PRON,27,27,186.54,-186.54
58798,our,PRON,13,13,89.81,89.81
58861,their,PRON,15,15,103.63,103.63
59496,whose,PRON,21,21,145.08,145.08
59577,our,PRON,13,13,89.81,89.81
60703,their,PRON,15,15,103.63,103.63
61395,their,PRON,15,15,103.63,103.63
63173,their,PRON,15,15,103.63,103.63
63257,its,PRON,8,-8,55.27,55.27
63281,itself,PRON,27,27,186.54,-186.54
63520,what,PRON,17,17,117.45,117.45
63633,our,PRON,13,13,89.81,89.81
63765,our,PRON,13,13,89.81,89.81
63773,our,PRON,13,13,89.81,89.81
63880,its,PRON,8,-8,55.27,55.27
63895,our,PRON,13,13,89.81,89.81
64143,What,PRON,17,17,117.45,117.45
64442,itself,PRON,27,27,186.54,-186.54
64696,who,PRON,17,17,117.45,117.45
64827,their,PRON,15,15,103.63,103.63
65101,its,PRON,8,-8,55.27,55.27
65604,his,PRON,11,11,76.00,76.00
65649,his,PRON,11,11,76.00,76.00
65657,his,PRON,11,11,76.00,76.00
65663,his,PRON,11,11,76.00,76.00
65868,our,PRON,13,13,89.81,89.81
65886,our,PRON,13,13,89.81,89.81
65888,our,PRON,13,13,89.81,89.81
66115,himself,PRON,39,39,269.44,269.44
66721,us,PRON,8,-8,55.27,55.27
66723,our,PRON,13,13,89.81,89.81
68072,Our,PRON,13,13,89.81,89.81
68457,our,PRON,13,13,89.81,89.81
68538,Æther,PRON,11,11,76.00,76.00
68610,their,PRON,15,15,103.63,103.63
68869,he,PRON,5,5,14.17,-14.17
69325,its,PRON,8,-8,55.27,55.27
69467,whose,PRON,21,21,145.08,145.08
69791,its,PRON,8,-8,55.27,55.27
70038,our,PRON,13,13,89.81,89.81
70110,our,PRON,13,13,89.81,89.81
70502,himself,PRON,39,39,269.44,269.44
70765,our,PRON,13,13,89.81,89.81
71031,Fohat,PRON,21,21,145.08,145.08
71492,our,PRON,13,13,89.81,89.81
71558,her,PRON,10,-10,69.09,69.09
72294,his,PRON,11,11,76.00,76.00
72407,their,PRON,15,15,103.63,103.63
72544,who,PRON,17,17,117.45,117.45
73536,her,PRON,10,-10,69.09,69.09
74566,our,PRON,13,13,89.81,89.81
74569,our,PRON,13,13,89.81,89.81
74582,our,PRON,13,13,89.81,89.81
74586,our,PRON,13,13,89.81,89.81
74600,our,PRON,13,13,89.81,89.81
74633,our,PRON,13,13,89.81,89.81
74721,our,PRON,13,13,89.81,89.81
74725,our,PRON,13,13,89.81,89.81
74728,itself,PRON,27,27,186.54,-186.54
74729,our,PRON,13,13,89.81,89.81
74749,its,PRON,8,-8,55.27,55.27
74769,who,PRON,17,17,117.45,117.45
74811,our,PRON,13,13,89.81,89.81
74814,our,PRON,13,13,89.81,89.81
74824,our,PRON,13,13,89.81,89.81
74831,our,PRON,13,13,89.81,89.81
74836,our,PRON,13,13,89.81,89.81
74841,our,PRON,13,13,89.81,89.81
74864,our,PRON,13,13,89.81,89.81
74872,it,PRON,5,5,12.42,-12.42
74876,our,PRON,13,13,89.81,89.81
74888,our,PRON,13,13,89.81,89.81
74903,our,PRON,13,13,89.81,89.81
74908,our,PRON,13,13,89.81,89.81
74917,our,PRON,13,13,89.81,89.81
74921,our,PRON,13,13,89.81,89.81
74964,our,PRON,13,13,89.81,89.81
74995,who,PRON,17,17,117.45,117.45
74998,their,PRON,15,15,103.63,103.63
75001,our,PRON,13,13,89.81,89.81
75005,our,PRON,13,13,89.81,89.81
75055,our,PRON,13,13,89.81,89.81
75092,our,PRON,13,13,89.81,89.81
75132,our,PRON,13,13,89.81,89.81
75137,our,PRON,13,13,89.81,89.81
75193,our,PRON,13,13,89.81,89.81
75297,his,PRON,11,11,76.00,76.00
75921,we,PRON,11,11,76.00,76.00
76200,I,PRON,4,-4,9.59,9.59
76202,myself,PRON,31,31,214.17,-214.17
76242,who,PRON,17,17,117.45,117.45
76255,us,PRON,8,-8,55.27,55.27
76712,his,PRON,11,11,76.00,76.00
76785,who,PRON,17,17,117.45,117.45
76894,their,PRON,15,15,103.63,103.63
77094,whom,PRON,26,-26,179.63,179.63
77166,our,PRON,13,13,89.81,89.81
77169,our,PRON,13,13,89.81,89.81
77537,our,PRON,13,13,89.81,89.81
77646,We,PRON,11,11,76.00,76.00
78009,their,PRON,15,15,103.63,103.63
78396,its,PRON,8,-8,55.27,55.27
78458,its,PRON,8,-8,55.27,55.27
78800,us,PRON,8,-8,55.27,55.27
79975,their,PRON,15,15,103.63,103.63
79983,their,PRON,15,15,103.63,103.63
80103,our,PRON,13,13,89.81,89.81
80734,I,PRON,4,-4,9.59,9.59
80776,He,PRON,5,5,14.17,-14.17
80980,our,PRON,13,13,89.81,89.81
81095,Our,PRON,13,13,89.81,89.81
81638,his,PRON,11,11,76.00,76.00
81690,his,PRON,11,11,76.00,76.00
82915,their,PRON,15,15,103.63,103.63
83690,themselves,PRON,45,45,310.89,-310.89
83861,Honour,PRON,22,-22,151.99,151.99
83864,We,PRON,11,11,76.00,76.00
83918,our,PRON,13,13,89.81,89.81
84421,He,PRON,5,5,14.17,-14.17
84873,our,PRON,13,13,89.81,89.81
84905,our,PRON,13,13,89.81,89.81
85307,I,PRON,4,-4,9.59,9.59
85329,I,PRON,4,-4,9.59,9.59
85336,I,PRON,4,-4,9.59,9.59
85338,He,PRON,5,5,14.17,-14.17
85342,I,PRON,4,-4,9.59,9.59
85344,I,PRON,4,-4,9.59,9.59
85348,I,PRON,4,-4,9.59,9.59
85351,I,PRON,4,-4,9.59,9.59
85355,I,PRON,4,-4,9.59,9.59
85662,What,PRON,17,17,117.45,117.45
86289,my,PRON,9,9,62.18,-62.18
86974,its,PRON,8,-8,55.27,55.27
87351,it,PRON,5,5,12.42,-12.42
87353,Us,PRON,8,-8,55.27,55.27
87497,itself,PRON,27,27,186.54,-186.54
87848,our,PRON,13,13,89.81,89.81
89118,self,PRON,22,-22,151.99,151.99
89298,its,PRON,8,-8,55.27,55.27
89572,I,PRON,4,-4,9.59,9.59
89978,s,PRON,3,3,20.73,-20.73
90519,It,PRON,5,5,12.42,-12.42
90572,It,PRON,5,5,12.42,-12.42
91139,them,PRON,15,15,103.63,103.63
91233,I,PRON,4,-4,9.59,9.59
91648,his,PRON,11,11,76.00,76.00
92235,our,PRON,13,13,89.81,89.81
92757,He,PRON,5,5,14.17,-14.17
93515,I,PRON,4,-4,9.59,9.59
93517,I,PRON,4,-4,9.59,9.59
93520,It,PRON,5,5,12.42,-12.42
93843,our,PRON,13,13,89.81,89.81
93849,mi,PRON,13,13,89.81,89.81
95334,its,PRON,8,-8,55.27,55.27
95486,We,PRON,11,11,76.00,76.00
96420,oneself,PRON,28,-28,193.45,193.45
96456,who,PRON,17,17,117.45,117.45
96950,whom,PRON,26,-26,179.63,179.63
97405,I,PRON,4,-4,9.59,9.59
97406,he,PRON,5,5,14.17,-14.17
97411,our,PRON,13,13,89.81,89.81
97561,her,PRON,10,-10,69.09,69.09
97797,our,PRON,13,13,89.81,89.81
98233,What,PRON,17,17,117.45,117.45
98524,who,PRON,17,17,117.45,117.45
98559,who,PRON,17,17,117.45,117.45
98760,our,PRON,13,13,89.81,89.81
98955,our,PRON,13,13,89.81,89.81
99002,our,PRON,13,13,89.81,89.81
99011,Our,PRON,13,13,89.81,89.81
99083,our,PRON,13,13,89.81,89.81
99824,his,PRON,11,11,76.00,76.00
100051,his,PRON,11,11,76.00,76.00
100144,who,PRON,17,17,117.45,117.45
100244,whose,PRON,21,21,145.08,145.08
100303,who,PRON,17,17,117.45,117.45
100459,us,PRON,8,-8,55.27,55.27
100919,our,PRON,13,13,89.81,89.81
101428,its,PRON,8,-8,55.27,55.27
101546,its,PRON,8,-8,55.27,55.27
101599,its,PRON,8,-8,55.27,55.27
101675,I,PRON,4,-4,9.59,9.59
101963,our,PRON,13,13,89.81,89.81
103531,its,PRON,8,-8,55.27,55.27
103659,I,PRON,4,-4,9.59,9.59
103723,we,PRON,11,11,76.00,76.00
104280,their,PRON,15,15,103.63,103.63
104651,who,PRON,17,17,117.45,117.45
104734,our,PRON,13,13,89.81,89.81
104757,our,PRON,13,13,89.81,89.81
105132,our,PRON,13,13,89.81,89.81
105168,our,PRON,13,13,89.81,89.81
105268,who,PRON,17,17,117.45,117.45
106249,their,PRON,15,15,103.63,103.63
106487,our,PRON,13,13,89.81,89.81
106522,we,PRON,11,11,76.00,76.00
107156,his,PRON,11,11,76.00,76.00
107815,its,PRON,8,-8,55.27,55.27
107888,our,PRON,13,13,89.81,89.81
108085,our,PRON,13,13,89.81,89.81
108188,its,PRON,8,-8,55.27,55.27
109502,our,PRON,13,13,89.81,89.81
109590,our,PRON,13,13,89.81,89.81
109729,our,PRON,13,13,89.81,89.81
109871,our,PRON,13,13,89.81,89.81
110574,s,PRON,3,3,20.73,-20.73
110818,our,PRON,13,13,89.81,89.81
110849,his,PRON,11,11,76.00,76.00
111017,our,PRON,13,13,89.81,89.81
112022,our,PRON,13,13,89.81,89.81
112399,our,PRON,13,13,89.81,89.81
113602,self,PRON,22,-22,151.99,151.99
113815,himself,PRON,39,39,269.44,269.44
114339,whose,PRON,21,21,145.08,145.08
114394,its,PRON,8,-8,55.27,55.27
114567,herself,PRON,32,-32,221.08,221.08
115013,What,PRON,17,17,117.45,117.45
116336,he,PRON,5,5,14.17,-14.17
116538,who,PRON,17,17,117.45,117.45
116547,who,PRON,17,17,117.45,117.45
116907,their,PRON,15,15,103.63,103.63
116944,her,PRON,10,-10,69.09,69.09
116974,he,PRON,5,5,14.17,-14.17
116975,who,PRON,17,17,117.45,117.45
117422,his,PRON,11,11,76.00,76.00
117700,itself,PRON,27,27,186.54,-186.54
117736,Fohat,PRON,21,21,145.08,145.08
118033,our,PRON,13,13,89.81,89.81
118446,their,PRON,15,15,103.63,103.63
118936,it,PRON,5,5,12.42,-12.42
119090,our,PRON,13,13,89.81,89.81
119185,who,PRON,17,17,117.45,117.45
119495,its,PRON,8,-8,55.27,55.27
119509,our,PRON,13,13,89.81,89.81
120147,our,PRON,13,13,89.81,89.81
120700,he,PRON,5,5,14.17,-14.17
120855,who,PRON,17,17,117.45,117.45
121050,our,PRON,13,13,89.81,89.81
121109,I,PRON,4,-4,9.59,9.59
121170,our,PRON,13,13,89.81,89.81
121276,we,PRON,11,11,76.00,76.00
121358,Her,PRON,10,-10,69.09,69.09
121413,its,PRON,8,-8,55.27,55.27
121954,himself,PRON,39,39,269.44,269.44
122062,our,PRON,13,13,89.81,89.81
122310,whose,PRON,21,21,145.08,145.08
122393,who,PRON,17,17,117.45,117.45
122438,he,PRON,5,5,14.17,-14.17
122606,our,PRON,13,13,89.81,89.81
122633,it,PRON,5,5,12.42,-12.42
124034,their,PRON,15,15,103.63,103.63
124239,Our,PRON,13,13,89.81,89.81
124275,he,PRON,5,5,14.17,-14.17
124693,their,PRON,15,15,103.63,103.63
124820,our,PRON,13,13,89.81,89.81
124971,its,PRON,8,-8,55.27,55.27
125925,his,PRON,11,11,76.00,76.00
125947,his,PRON,11,11,76.00,76.00
125991,his,PRON,11,11,76.00,76.00
126456,its,PRON,8,-8,55.27,55.27
126910,its,PRON,8,-8,55.27,55.27
127716,our,PRON,13,13,89.81,89.81
127723,our,PRON,13,13,89.81,89.81
127866,Our,PRON,13,13,89.81,89.81
128490,its,PRON,8,-8,55.27,55.27
128773,their,PRON,15,15,103.63,103.63
129058,our,PRON,13,13,89.81,89.81
129157,our,PRON,13,13,89.81,89.81
129199,our,PRON,13,13,89.81,89.81
129286,our,PRON,13,13,89.81,89.81
129327,our,PRON,13,13,89.81,89.81
129331,our,PRON,13,13,89.81,89.81
129345,our,PRON,13,13,89.81,89.81
129359,our,PRON,13,13,89.81,89.81
129380,our,PRON,13,13,89.81,89.81
129409,our,PRON,13,13,89.81,89.81
129430,our,PRON,13,13,89.81,89.81
129655,our,PRON,13,13,89.81,89.81
129690,our,PRON,13,13,89.81,89.81
129698,our,PRON,13,13,89.81,89.81
129702,our,PRON,13,13,89.81,89.81
129720,our,PRON,13,13,89.81,89.81
129726,their,PRON,15,15,103.63,103.63
129814,our,PRON,13,13,89.81,89.81
129819,our,PRON,13,13,89.81,89.81
129824,its,PRON,8,-8,55.27,55.27
129874,our,PRON,13,13,89.81,89.81
129920,our,PRON,13,13,89.81,89.81
130114,our,PRON,13,13,89.81,89.81
130315,our,PRON,13,13,89.81,89.81
130604,their,PRON,15,15,103.63,103.63
130666,our,PRON,13,13,89.81,89.81
130877,our,PRON,13,13,89.81,89.81
131515,their,PRON,15,15,103.63,103.63
131602,our,PRON,13,13,89.81,89.81
131900,its,PRON,8,-8,55.27,55.27
132195,their,PRON,15,15,103.63,103.63
132604,their,PRON,15,15,103.63,103.63
132910,its,PRON,8,-8,55.27,55.27
133000,its,PRON,8,-8,55.27,55.27
133680,Our,PRON,13,13,89.81,89.81
133806,our,PRON,13,13,89.81,89.81
134034,his,PRON,11,11,76.00,76.00
134189,himself,PRON,39,39,269.44,269.44
134444,our,PRON,13,13,89.81,89.81
134477,their,PRON,15,15,103.63,103.63
135003,himself,PRON,39,39,269.44,269.44
135016,his,PRON,11,11,76.00,76.00
135223,our,PRON,13,13,89.81,89.81
135235,our,PRON,13,13,89.81,89.81
135240,their,PRON,15,15,103.63,103.63
135288,our,PRON,13,13,89.81,89.81
135717,his,PRON,11,11,76.00,76.00
136344,their,PRON,15,15,103.63,103.63
136421,his,PRON,11,11,76.00,76.00
136443,I,PRON,4,-4,9.59,9.59
136537,our,PRON,13,13,89.81,89.81
136545,our,PRON,13,13,89.81,89.81
136559,our,PRON,13,13,89.81,89.81
136829,his,PRON,11,11,76.00,76.00
136890,Universe,PRON,36,-36,248.72,-248.72
137164,He,PRON,5,5,14.17,-14.17
137165,who,PRON,17,17,117.45,117.45
137602,our,PRON,13,13,89.81,89.81
138493,whose,PRON,21,21,145.08,145.08
138796,our,PRON,13,13,89.81,89.81
138950,his,PRON,11,11,76.00,76.00
139139,our,PRON,13,13,89.81,89.81
139150,our,PRON,13,13,89.81,89.81
139225,its,PRON,8,-8,55.27,55.27
139250,our,PRON,13,13,89.81,89.81
139285,our,PRON,13,13,89.81,89.81
139633,our,PRON,13,13,89.81,89.81
139665,our,PRON,13,13,89.81,89.81
139683,our,PRON,13,13,89.81,89.81
140795,our,PRON,13,13,89.81,89.81
140897,itself,PRON,27,27,186.54,-186.54
140905,themselves,PRON,45,45,310.89,-310.89
140934,our,PRON,13,13,89.81,89.81
141033,our,PRON,13,13,89.81,89.81
141216,our,PRON,13,13,89.81,89.81
141952,its,PRON,8,-8,55.27,55.27
142023,I,PRON,4,-4,9.59,9.59
142626,our,PRON,13,13,89.81,89.81
142666,hidden,PRON,23,23,158.90,-158.90
143098,him,PRON,17,17,117.45,117.45
143102,my,PRON,9,9,62.18,-62.18
143559,our,PRON,13,13,89.81,89.81
143612,our,PRON,13,13,89.81,89.81
143993,its,PRON,8,-8,55.27,55.27
144016,our,PRON,13,13,89.81,89.81
144071,our,PRON,13,13,89.81,89.81
144128,our,PRON,13,13,89.81,89.81
144131,our,PRON,13,13,89.81,89.81
144228,our,PRON,13,13,89.81,89.81
144351,our,PRON,13,13,89.81,89.81
144749,our,PRON,13,13,89.81,89.81
144794,our,PRON,13,13,89.81,89.81
144833,her,PRON,10,-10,69.09,69.09
144876,our,PRON,13,13,89.81,89.81
145109,I,PRON,4,-4,9.59,9.59
145158,our,PRON,13,13,89.81,89.81
145801,themselves,PRON,45,45,310.89,-310.89
145809,his,PRON,11,11,76.00,76.00
145979,his,PRON,11,11,76.00,76.00
146119,their,PRON,15,15,103.63,103.63
146221,He,PRON,5,5,14.17,-14.17
146392,who,PRON,17,17,117.45,117.45
146518,he,PRON,5,5,14.17,-14.17
146519,who,PRON,17,17,117.45,117.45
146778,who,PRON,17,17,117.45,117.45
147411,our,PRON,13,13,89.81,89.81
147675,itself,PRON,27,27,186.54,-186.54
147993,his,PRON,11,11,76.00,76.00
148160,its,PRON,8,-8,55.27,55.27
148171,our,PRON,13,13,89.81,89.81
148175,Our,PRON,13,13,89.81,89.81
148194,their,PRON,15,15,103.63,103.63
148334,our,PRON,13,13,89.81,89.81
148417,his,PRON,11,11,76.00,76.00
148756,our,PRON,13,13,89.81,89.81
148837,his,PRON,11,11,76.00,76.00
148870,our,PRON,13,13,89.81,89.81
148881,our,PRON,13,13,89.81,89.81
148905,our,PRON,13,13,89.81,89.81
149151,their,PRON,15,15,103.63,103.63
149818,his,PRON,11,11,76.00,76.00
149828,its,PRON,8,-8,55.27,55.27
150047,our,PRON,13,13,89.81,89.81
150732,whose,PRON,21,21,145.08,145.08
151940,our,PRON,13,13,89.81,89.81
152072,whose,PRON,21,21,145.08,145.08
152075,itself,PRON,27,27,186.54,-186.54
152114,its,PRON,8,-8,55.27,55.27
152455,his,PRON,11,11,76.00,76.00
152593,I,PRON,4,-4,9.59,9.59
152598,itself,PRON,27,27,186.54,-186.54
152846,them,PRON,15,15,103.63,103.63
153586,our,PRON,13,13,89.81,89.81
153597,our,PRON,13,13,89.81,89.81
153611,our,PRON,13,13,89.81,89.81
153616,our,PRON,13,13,89.81,89.81
153628,our,PRON,13,13,89.81,89.81
153648,our,PRON,13,13,89.81,89.81
153663,our,PRON,13,13,89.81,89.81
153668,their,PRON,15,15,103.63,103.63
153745,our,PRON,13,13,89.81,89.81
153822,its,PRON,8,-8,55.27,55.27
154072,mother,PRON,23,23,158.90,-158.90
154268,their,PRON,15,15,103.63,103.63
154280,itself,PRON,27,27,186.54,-186.54
154446,himself,PRON,39,39,269.44,269.44
154930,our,PRON,13,13,89.81,89.81
155123,our,PRON,13,13,89.81,89.81
155127,our,PRON,13,13,89.81,89.81
155134,our,PRON,13,13,89.81,89.81
155150,our,PRON,13,13,89.81,89.81
155168,our,PRON,13,13,89.81,89.81
155180,our,PRON,13,13,89.81,89.81
155480,us,PRON,8,-8,55.27,55.27
155528,our,PRON,13,13,89.81,89.81
155919,his,PRON,11,11,76.00,76.00
155991,its,PRON,8,-8,55.27,55.27
155996,its,PRON,8,-8,55.27,55.27
156101,its,PRON,8,-8,55.27,55.27
156345,themselves,PRON,45,45,310.89,-310.89
156501,I,PRON,4,-4,9.59,9.59
156512,his,PRON,11,11,76.00,76.00
156898,whom,PRON,26,-26,179.63,179.63
156962,His,PRON,11,11,76.00,76.00
157047,whose,PRON,21,21,145.08,145.08
157080,who,PRON,17,17,117.45,117.45
157314,whom,PRON,26,-26,179.63,179.63
157318,who,PRON,17,17,117.45,117.45
157490,who,PRON,17,17,117.45,117.45
157537,their,PRON,15,15,103.63,103.63
157566,our,PRON,13,13,89.81,89.81
157703,its,PRON,8,-8,55.27,55.27
157817,who,PRON,17,17,117.45,117.45
157988,whose,PRON,21,21,145.08,145.08
158039,our,PRON,13,13,89.81,89.81
158048,his,PRON,11,11,76.00,76.00
158796,her,PRON,10,-10,69.09,69.09
158798,her,PRON,10,-10,69.09,69.09
158882,itself,PRON,27,27,186.54,-186.54
158947,their,PRON,15,15,103.63,103.63
159023,their,PRON,15,15,103.63,103.63
159148,its,PRON,8,-8,55.27,55.27
159351,She,PRON,8,-8,55.27,55.27
159381,She,PRON,8,-8,55.27,55.27
159626,who,PRON,17,17,117.45,117.45
159630,his,PRON,11,11,76.00,76.00
159804,his,PRON,11,11,76.00,76.00
159866,itself,PRON,27,27,186.54,-186.54
160316,our,PRON,13,13,89.81,89.81
160558,our,PRON,13,13,89.81,89.81
160570,itself,PRON,27,27,186.54,-186.54
160593,itself,PRON,27,27,186.54,-186.54
160771,our,PRON,13,13,89.81,89.81
160953,who,PRON,17,17,117.45,117.45
161723,whose,PRON,21,21,145.08,145.08
161856,its,PRON,8,-8,55.27,55.27
161973,its,PRON,8,-8,55.27,55.27
162012,his,PRON,11,11,76.00,76.00
162371,He,PRON,5,5,14.17,-14.17
162373,I,PRON,4,-4,9.59,9.59
162591,themselves,PRON,45,45,310.89,-310.89
162994,his,PRON,11,11,76.00,76.00
163364,its,PRON,8,-8,55.27,55.27
163388,our,PRON,13,13,89.81,89.81
163707,whose,PRON,21,21,145.08,145.08
164050,themselves,PRON,45,45,310.89,-310.89
164056,themselves,PRON,45,45,310.89,-310.89
164065,their,PRON,15,15,103.63,103.63
164073,their,PRON,15,15,103.63,103.63
164504,who,PRON,17,17,117.45,117.45
164619,whom,PRON,26,-26,179.63,179.63
164700,who,PRON,17,17,117.45,117.45
165057,Æther,PRON,11,11,76.00,76.00
165321,who,PRON,17,17,117.45,117.45
165372,whose,PRON,21,21,145.08,145.08
165789,its,PRON,8,-8,55.27,55.27
166007,itself,PRON,27,27,186.54,-186.54
166406,my,PRON,9,9,62.18,-62.18
166715,who,PRON,17,17,117.45,117.45
166810,his,PRON,11,11,76.00,76.00
167925,its,PRON,8,-8,55.27,55.27
168053,himself,PRON,39,39,269.44,269.44
168505,who,PRON,17,17,117.45,117.45
168645,who,PRON,17,17,117.45,117.45
168703,them,PRON,15,15,103.63,103.63
169201,our,PRON,13,13,89.81,89.81
169242,our,PRON,13,13,89.81,89.81
169397,who,PRON,17,17,117.45,117.45
169472,our,PRON,13,13,89.81,89.81
169477,who,PRON,17,17,117.45,117.45
169523,our,PRON,13,13,89.81,89.81
169543,its,PRON,8,-8,55.27,55.27
169570,our,PRON,13,13,89.81,89.81
169643,our,PRON,13,13,89.81,89.81
169653,our,PRON,13,13,89.81,89.81
169721,our,PRON,13,13,89.81,89.81
169798,We,PRON,11,11,76.00,76.00
169803,us,PRON,8,-8,55.27,55.27
170112,its,PRON,8,-8,55.27,55.27
170193,its,PRON,8,-8,55.27,55.27
170282,it,PRON,5,5,12.42,-12.42
170368,its,PRON,8,-8,55.27,55.27
170495,its,PRON,8,-8,55.27,55.27
170502,itself,PRON,27,27,186.54,-186.54
170548,its,PRON,8,-8,55.27,55.27
170599,who,PRON,17,17,117.45,117.45
170729,its,PRON,8,-8,55.27,55.27
170983,it,PRON,5,5,12.42,-12.42
171010,her,PRON,10,-10,69.09,69.09
171148,its,PRON,8,-8,55.27,55.27
171173,who,PRON,17,17,117.45,117.45
171250,what,PRON,17,17,117.45,117.45
171520,its,PRON,8,-8,55.27,55.27
171756,whose,PRON,21,21,145.08,145.08
172141,itself,PRON,27,27,186.54,-186.54
172252,his,PRON,11,11,76.00,76.00
172261,its,PRON,8,-8,55.27,55.27
172309,us,PRON,8,-8,55.27,55.27
172402,our,PRON,13,13,89.81,89.81
172465,our,PRON,13,13,89.81,89.81
172694,whose,PRON,21,21,145.08,145.08
172759,our,PRON,13,13,89.81,89.81
172843,who,PRON,17,17,117.45,117.45
172854,who,PRON,17,17,117.45,117.45
172891,who,PRON,17,17,117.45,117.45
173006,who,PRON,17,17,117.45,117.45
173116,who,PRON,17,17,117.45,117.45
173147,himself,PRON,39,39,269.44,269.44
173174,themselves,PRON,45,45,310.89,-310.89
173338,themselves,PRON,45,45,310.89,-310.89
174134,our,PRON,13,13,89.81,89.81
174421,its,PRON,8,-8,55.27,55.27
174509,their,PRON,15,15,103.63,103.63
174596,its,PRON,8,-8,55.27,55.27
175244,itself,PRON,27,27,186.54,-186.54
175278,our,PRON,13,13,89.81,89.81
175380,our,PRON,13,13,89.81,89.81
175443,our,PRON,13,13,89.81,89.81
175469,our,PRON,13,13,89.81,89.81
175867,we,PRON,11,11,76.00,76.00
175906,our,PRON,13,13,89.81,89.81
175992,his,PRON,11,11,76.00,76.00
176168,our,PRON,13,13,89.81,89.81
176190,who,PRON,17,17,117.45,117.45
176203,its,PRON,8,-8,55.27,55.27
176268,our,PRON,13,13,89.81,89.81
176272,our,PRON,13,13,89.81,89.81
176319,it,PRON,5,5,12.42,-12.42
176435,our,PRON,13,13,89.81,89.81
177117,self,PRON,22,-22,151.99,151.99
177443,their,PRON,15,15,103.63,103.63
177691,its,PRON,8,-8,55.27,55.27
177865,our,PRON,13,13,89.81,89.81
178113,our,PRON,13,13,89.81,89.81
178705,our,PRON,13,13,89.81,89.81
179104,its,PRON,8,-8,55.27,55.27
179110,whose,PRON,21,21,145.08,145.08
179149,mi,PRON,13,13,89.81,89.81
179161,our,PRON,13,13,89.81,89.81
179789,their,PRON,15,15,103.63,103.63
180130,our,PRON,13,13,89.81,89.81
180167,their,PRON,15,15,103.63,103.63
180441,our,PRON,13,13,89.81,89.81
180562,our,PRON,13,13,89.81,89.81
180862,its,PRON,8,-8,55.27,55.27
181183,who,PRON,17,17,117.45,117.45
182123,who,PRON,17,17,117.45,117.45
182243,its,PRON,8,-8,55.27,55.27
182926,our,PRON,13,13,89.81,89.81
182938,his,PRON,11,11,76.00,76.00
182982,itself,PRON,27,27,186.54,-186.54
183045,our,PRON,13,13,89.81,89.81
183123,his,PRON,11,11,76.00,76.00
183221,who,PRON,17,17,117.45,117.45
183726,our,PRON,13,13,89.81,89.81
183847,its,PRON,8,-8,55.27,55.27
184209,he,PRON,5,5,14.17,-14.17
184228,their,PRON,15,15,103.63,103.63
184682,its,PRON,8,-8,55.27,55.27
184801,itself,PRON,27,27,186.54,-186.54
184953,their,PRON,15,15,103.63,103.63
185116,whose,PRON,21,21,145.08,145.08
185322,his,PRON,11,11,76.00,76.00
185535,who,PRON,17,17,117.45,117.45
185956,who,PRON,17,17,117.45,117.45
186029,our,PRON,13,13,89.81,89.81
186366,our,PRON,13,13,89.81,89.81
187086,our,PRON,13,13,89.81,89.81
187120,its,PRON,8,-8,55.27,55.27
187266,its,PRON,8,-8,55.27,55.27
187427,its,PRON,8,-8,55.27,55.27
187432,its,PRON,8,-8,55.27,55.27
188011,our,PRON,13,13,89.81,89.81
188051,He,PRON,5,5,14.17,-14.17
188052,who,PRON,17,17,117.45,117.45
188269,its,PRON,8,-8,55.27,55.27
188287,Our,PRON,13,13,89.81,89.81
188293,itself,PRON,27,27,186.54,-186.54
188314,our,PRON,13,13,89.81,89.81
188436,its,PRON,8,-8,55.27,55.27
188454,our,PRON,13,13,89.81,89.81
188616,its,PRON,8,-8,55.27,55.27
189091,his,PRON,11,11,76.00,76.00
189806,its,PRON,8,-8,55.27,55.27
190805,its,PRON,8,-8,55.27,55.27
190967,their,PRON,15,15,103.63,103.63
191215,our,PRON,13,13,89.81,89.81
191218,s,PRON,3,3,20.73,-20.73
191330,we,PRON,11,11,76.00,76.00
191477,his,PRON,11,11,76.00,76.00
192001,who,PRON,17,17,117.45,117.45
192493,his,PRON,11,11,76.00,76.00
192606,his,PRON,11,11,76.00,76.00
193064,our,PRON,13,13,89.81,89.81
193117,his,PRON,11,11,76.00,76.00
193667,its,PRON,8,-8,55.27,55.27
193671,his,PRON,11,11,76.00,76.00
194270,We,PRON,11,11,76.00,76.00
194300,his,PRON,11,11,76.00,76.00
194463,what,PRON,17,17,117.45,117.45
194516,our,PRON,13,13,89.81,89.81
195027,their,PRON,15,15,103.63,103.63
195196,his,PRON,11,11,76.00,76.00
195248,self,PRON,22,-22,151.99,151.99
195691,his,PRON,11,11,76.00,76.00
195957,who,PRON,17,17,117.45,117.45
196441,who,PRON,17,17,117.45,117.45
196743,its,PRON,8,-8,55.27,55.27
196884,Our,PRON,13,13,89.81,89.81
196994,we,PRON,11,11,76.00,76.00
197220,themselves,PRON,45,45,310.89,-310.89
197752,his,PRON,11,11,76.00,76.00
197972,their,PRON,15,15,103.63,103.63
197989,who,PRON,17,17,117.45,117.45
197992,their,PRON,15,15,103.63,103.63
198066,its,PRON,8,-8,55.27,55.27
198147,our,PRON,13,13,89.81,89.81
198248,his,PRON,11,11,76.00,76.00
198287,I,PRON,4,-4,9.59,9.59
199045,his,PRON,11,11,76.00,76.00
199215,I,PRON,4,-4,9.59,9.59
199218,I,PRON,4,-4,9.59,9.59
199441,their,PRON,15,15,103.63,103.63
199558,I,PRON,4,-4,9.59,9.59
201172,his,PRON,11,11,76.00,76.00
201486,his,PRON,11,11,76.00,76.00
201650,his,PRON,11,11,76.00,76.00
203058,their,PRON,15,15,103.63,103.63
203732,I,PRON,4,-4,9.59,9.59
203736,I,PRON,4,-4,9.59,9.59
204025,who,PRON,17,17,117.45,117.45
204303,their,PRON,15,15,103.63,103.63
204756,our,PRON,13,13,89.81,89.81
205669,its,PRON,8,-8,55.27,55.27
205827,its,PRON,8,-8,55.27,55.27
207515,your,PRON,13,13,89.81,89.81
207538,I,PRON,4,-4,9.59,9.59
208061,their,PRON,15,15,103.63,103.63
208299,itself,PRON,27,27,186.54,-186.54
209264,his,PRON,11,11,76.00,76.00
209607,its,PRON,8,-8,55.27,55.27
209792,my,PRON,9,9,62.18,-62.18
209796,Our,PRON,13,13,89.81,89.81
210672,its,PRON,8,-8,55.27,55.27
211281,I,PRON,4,-4,9.59,9.59
